CREATE DATABASE  IF NOT EXISTS `atuladotnettestdb` /*!40100 DEFAULT CHARACTER SET utf8mb4 COLLATE utf8mb4_0900_ai_ci */ /*!80016 DEFAULT ENCRYPTION='N' */;
USE `atuladotnettestdb`;
-- MySQL dump 10.13  Distrib 8.0.38, for Win64 (x86_64)
--
-- Host: localhost    Database: atuladotnettestdb
-- ------------------------------------------------------
-- Server version	8.0.38

/*!40101 SET @OLD_CHARACTER_SET_CLIENT=@@CHARACTER_SET_CLIENT */;
/*!40101 SET @OLD_CHARACTER_SET_RESULTS=@@CHARACTER_SET_RESULTS */;
/*!40101 SET @OLD_COLLATION_CONNECTION=@@COLLATION_CONNECTION */;
/*!50503 SET NAMES utf8 */;
/*!40103 SET @OLD_TIME_ZONE=@@TIME_ZONE */;
/*!40103 SET TIME_ZONE='+00:00' */;
/*!40014 SET @OLD_UNIQUE_CHECKS=@@UNIQUE_CHECKS, UNIQUE_CHECKS=0 */;
/*!40014 SET @OLD_FOREIGN_KEY_CHECKS=@@FOREIGN_KEY_CHECKS, FOREIGN_KEY_CHECKS=0 */;
/*!40101 SET @OLD_SQL_MODE=@@SQL_MODE, SQL_MODE='NO_AUTO_VALUE_ON_ZERO' */;
/*!40111 SET @OLD_SQL_NOTES=@@SQL_NOTES, SQL_NOTES=0 */;

--
-- Table structure for table `__efmigrationshistory`
--

DROP TABLE IF EXISTS `__efmigrationshistory`;
/*!40101 SET @saved_cs_client     = @@character_set_client */;
/*!50503 SET character_set_client = utf8mb4 */;
CREATE TABLE `__efmigrationshistory` (
  `MigrationId` varchar(150) CHARACTER SET utf8mb4 COLLATE utf8mb4_0900_ai_ci NOT NULL,
  `ProductVersion` varchar(32) CHARACTER SET utf8mb4 COLLATE utf8mb4_0900_ai_ci NOT NULL,
  PRIMARY KEY (`MigrationId`)
) ENGINE=InnoDB DEFAULT CHARSET=utf8mb4 COLLATE=utf8mb4_0900_ai_ci;
/*!40101 SET character_set_client = @saved_cs_client */;

--
-- Dumping data for table `__efmigrationshistory`
--

LOCK TABLES `__efmigrationshistory` WRITE;
/*!40000 ALTER TABLE `__efmigrationshistory` DISABLE KEYS */;
INSERT INTO `__efmigrationshistory` VALUES ('20240831164236_InitialCreate','8.0.8'),('20240831192327_usertable','8.0.8');
/*!40000 ALTER TABLE `__efmigrationshistory` ENABLE KEYS */;
UNLOCK TABLES;

--
-- Table structure for table `aspnetroleclaims`
--

DROP TABLE IF EXISTS `aspnetroleclaims`;
/*!40101 SET @saved_cs_client     = @@character_set_client */;
/*!50503 SET character_set_client = utf8mb4 */;
CREATE TABLE `aspnetroleclaims` (
  `Id` int NOT NULL AUTO_INCREMENT,
  `RoleId` varchar(255) CHARACTER SET utf8mb4 COLLATE utf8mb4_0900_ai_ci NOT NULL,
  `ClaimType` longtext CHARACTER SET utf8mb4 COLLATE utf8mb4_0900_ai_ci,
  `ClaimValue` longtext CHARACTER SET utf8mb4 COLLATE utf8mb4_0900_ai_ci,
  PRIMARY KEY (`Id`),
  KEY `IX_AspNetRoleClaims_RoleId` (`RoleId`),
  CONSTRAINT `FK_AspNetRoleClaims_AspNetRoles_RoleId` FOREIGN KEY (`RoleId`) REFERENCES `aspnetroles` (`Id`) ON DELETE CASCADE
) ENGINE=InnoDB DEFAULT CHARSET=utf8mb4 COLLATE=utf8mb4_0900_ai_ci;
/*!40101 SET character_set_client = @saved_cs_client */;

--
-- Dumping data for table `aspnetroleclaims`
--

LOCK TABLES `aspnetroleclaims` WRITE;
/*!40000 ALTER TABLE `aspnetroleclaims` DISABLE KEYS */;
/*!40000 ALTER TABLE `aspnetroleclaims` ENABLE KEYS */;
UNLOCK TABLES;

--
-- Table structure for table `aspnetroles`
--

DROP TABLE IF EXISTS `aspnetroles`;
/*!40101 SET @saved_cs_client     = @@character_set_client */;
/*!50503 SET character_set_client = utf8mb4 */;
CREATE TABLE `aspnetroles` (
  `Id` varchar(255) CHARACTER SET utf8mb4 COLLATE utf8mb4_0900_ai_ci NOT NULL,
  `Name` varchar(256) CHARACTER SET utf8mb4 COLLATE utf8mb4_0900_ai_ci DEFAULT NULL,
  `NormalizedName` varchar(256) CHARACTER SET utf8mb4 COLLATE utf8mb4_0900_ai_ci DEFAULT NULL,
  `ConcurrencyStamp` longtext CHARACTER SET utf8mb4 COLLATE utf8mb4_0900_ai_ci,
  PRIMARY KEY (`Id`),
  UNIQUE KEY `RoleNameIndex` (`NormalizedName`)
) ENGINE=InnoDB DEFAULT CHARSET=utf8mb4 COLLATE=utf8mb4_0900_ai_ci;
/*!40101 SET character_set_client = @saved_cs_client */;

--
-- Dumping data for table `aspnetroles`
--

LOCK TABLES `aspnetroles` WRITE;
/*!40000 ALTER TABLE `aspnetroles` DISABLE KEYS */;
/*!40000 ALTER TABLE `aspnetroles` ENABLE KEYS */;
UNLOCK TABLES;

--
-- Table structure for table `aspnetuserclaims`
--

DROP TABLE IF EXISTS `aspnetuserclaims`;
/*!40101 SET @saved_cs_client     = @@character_set_client */;
/*!50503 SET character_set_client = utf8mb4 */;
CREATE TABLE `aspnetuserclaims` (
  `Id` int NOT NULL AUTO_INCREMENT,
  `UserId` varchar(255) CHARACTER SET utf8mb4 COLLATE utf8mb4_0900_ai_ci NOT NULL,
  `ClaimType` longtext CHARACTER SET utf8mb4 COLLATE utf8mb4_0900_ai_ci,
  `ClaimValue` longtext CHARACTER SET utf8mb4 COLLATE utf8mb4_0900_ai_ci,
  PRIMARY KEY (`Id`),
  KEY `IX_AspNetUserClaims_UserId` (`UserId`),
  CONSTRAINT `FK_AspNetUserClaims_AspNetUsers_UserId` FOREIGN KEY (`UserId`) REFERENCES `aspnetusers` (`Id`) ON DELETE CASCADE
) ENGINE=InnoDB DEFAULT CHARSET=utf8mb4 COLLATE=utf8mb4_0900_ai_ci;
/*!40101 SET character_set_client = @saved_cs_client */;

--
-- Dumping data for table `aspnetuserclaims`
--

LOCK TABLES `aspnetuserclaims` WRITE;
/*!40000 ALTER TABLE `aspnetuserclaims` DISABLE KEYS */;
/*!40000 ALTER TABLE `aspnetuserclaims` ENABLE KEYS */;
UNLOCK TABLES;

--
-- Table structure for table `aspnetuserlogins`
--

DROP TABLE IF EXISTS `aspnetuserlogins`;
/*!40101 SET @saved_cs_client     = @@character_set_client */;
/*!50503 SET character_set_client = utf8mb4 */;
CREATE TABLE `aspnetuserlogins` (
  `LoginProvider` varchar(128) CHARACTER SET utf8mb4 COLLATE utf8mb4_0900_ai_ci NOT NULL,
  `ProviderKey` varchar(128) CHARACTER SET utf8mb4 COLLATE utf8mb4_0900_ai_ci NOT NULL,
  `ProviderDisplayName` longtext CHARACTER SET utf8mb4 COLLATE utf8mb4_0900_ai_ci,
  `UserId` varchar(255) CHARACTER SET utf8mb4 COLLATE utf8mb4_0900_ai_ci NOT NULL,
  PRIMARY KEY (`LoginProvider`,`ProviderKey`),
  KEY `IX_AspNetUserLogins_UserId` (`UserId`),
  CONSTRAINT `FK_AspNetUserLogins_AspNetUsers_UserId` FOREIGN KEY (`UserId`) REFERENCES `aspnetusers` (`Id`) ON DELETE CASCADE
) ENGINE=InnoDB DEFAULT CHARSET=utf8mb4 COLLATE=utf8mb4_0900_ai_ci;
/*!40101 SET character_set_client = @saved_cs_client */;

--
-- Dumping data for table `aspnetuserlogins`
--

LOCK TABLES `aspnetuserlogins` WRITE;
/*!40000 ALTER TABLE `aspnetuserlogins` DISABLE KEYS */;
/*!40000 ALTER TABLE `aspnetuserlogins` ENABLE KEYS */;
UNLOCK TABLES;

--
-- Table structure for table `aspnetuserroles`
--

DROP TABLE IF EXISTS `aspnetuserroles`;
/*!40101 SET @saved_cs_client     = @@character_set_client */;
/*!50503 SET character_set_client = utf8mb4 */;
CREATE TABLE `aspnetuserroles` (
  `UserId` varchar(255) CHARACTER SET utf8mb4 COLLATE utf8mb4_0900_ai_ci NOT NULL,
  `RoleId` varchar(255) CHARACTER SET utf8mb4 COLLATE utf8mb4_0900_ai_ci NOT NULL,
  PRIMARY KEY (`UserId`,`RoleId`),
  KEY `IX_AspNetUserRoles_RoleId` (`RoleId`),
  CONSTRAINT `FK_AspNetUserRoles_AspNetRoles_RoleId` FOREIGN KEY (`RoleId`) REFERENCES `aspnetroles` (`Id`) ON DELETE CASCADE,
  CONSTRAINT `FK_AspNetUserRoles_AspNetUsers_UserId` FOREIGN KEY (`UserId`) REFERENCES `aspnetusers` (`Id`) ON DELETE CASCADE
) ENGINE=InnoDB DEFAULT CHARSET=utf8mb4 COLLATE=utf8mb4_0900_ai_ci;
/*!40101 SET character_set_client = @saved_cs_client */;

--
-- Dumping data for table `aspnetuserroles`
--

LOCK TABLES `aspnetuserroles` WRITE;
/*!40000 ALTER TABLE `aspnetuserroles` DISABLE KEYS */;
/*!40000 ALTER TABLE `aspnetuserroles` ENABLE KEYS */;
UNLOCK TABLES;

--
-- Table structure for table `aspnetusers`
--

DROP TABLE IF EXISTS `aspnetusers`;
/*!40101 SET @saved_cs_client     = @@character_set_client */;
/*!50503 SET character_set_client = utf8mb4 */;
CREATE TABLE `aspnetusers` (
  `Id` varchar(255) CHARACTER SET utf8mb4 COLLATE utf8mb4_0900_ai_ci NOT NULL,
  `FirstName` longtext CHARACTER SET utf8mb4 COLLATE utf8mb4_0900_ai_ci NOT NULL,
  `LastName` longtext CHARACTER SET utf8mb4 COLLATE utf8mb4_0900_ai_ci NOT NULL,
  `UserName` varchar(256) CHARACTER SET utf8mb4 COLLATE utf8mb4_0900_ai_ci DEFAULT NULL,
  `NormalizedUserName` varchar(256) CHARACTER SET utf8mb4 COLLATE utf8mb4_0900_ai_ci DEFAULT NULL,
  `Email` varchar(256) CHARACTER SET utf8mb4 COLLATE utf8mb4_0900_ai_ci DEFAULT NULL,
  `NormalizedEmail` varchar(256) CHARACTER SET utf8mb4 COLLATE utf8mb4_0900_ai_ci DEFAULT NULL,
  `EmailConfirmed` tinyint(1) NOT NULL,
  `PasswordHash` longtext CHARACTER SET utf8mb4 COLLATE utf8mb4_0900_ai_ci,
  `SecurityStamp` longtext CHARACTER SET utf8mb4 COLLATE utf8mb4_0900_ai_ci,
  `ConcurrencyStamp` longtext CHARACTER SET utf8mb4 COLLATE utf8mb4_0900_ai_ci,
  `PhoneNumber` longtext CHARACTER SET utf8mb4 COLLATE utf8mb4_0900_ai_ci,
  `PhoneNumberConfirmed` tinyint(1) NOT NULL,
  `TwoFactorEnabled` tinyint(1) NOT NULL,
  `LockoutEnd` datetime(6) DEFAULT NULL,
  `LockoutEnabled` tinyint(1) NOT NULL,
  `AccessFailedCount` int NOT NULL,
  PRIMARY KEY (`Id`),
  UNIQUE KEY `UserNameIndex` (`NormalizedUserName`),
  KEY `EmailIndex` (`NormalizedEmail`)
) ENGINE=InnoDB DEFAULT CHARSET=utf8mb4 COLLATE=utf8mb4_0900_ai_ci;
/*!40101 SET character_set_client = @saved_cs_client */;

--
-- Dumping data for table `aspnetusers`
--

LOCK TABLES `aspnetusers` WRITE;
/*!40000 ALTER TABLE `aspnetusers` DISABLE KEYS */;
/*!40000 ALTER TABLE `aspnetusers` ENABLE KEYS */;
UNLOCK TABLES;

--
-- Table structure for table `aspnetusertokens`
--

DROP TABLE IF EXISTS `aspnetusertokens`;
/*!40101 SET @saved_cs_client     = @@character_set_client */;
/*!50503 SET character_set_client = utf8mb4 */;
CREATE TABLE `aspnetusertokens` (
  `UserId` varchar(255) CHARACTER SET utf8mb4 COLLATE utf8mb4_0900_ai_ci NOT NULL,
  `LoginProvider` varchar(128) CHARACTER SET utf8mb4 COLLATE utf8mb4_0900_ai_ci NOT NULL,
  `Name` varchar(128) CHARACTER SET utf8mb4 COLLATE utf8mb4_0900_ai_ci NOT NULL,
  `Value` longtext CHARACTER SET utf8mb4 COLLATE utf8mb4_0900_ai_ci,
  PRIMARY KEY (`UserId`,`LoginProvider`,`Name`),
  CONSTRAINT `FK_AspNetUserTokens_AspNetUsers_UserId` FOREIGN KEY (`UserId`) REFERENCES `aspnetusers` (`Id`) ON DELETE CASCADE
) ENGINE=InnoDB DEFAULT CHARSET=utf8mb4 COLLATE=utf8mb4_0900_ai_ci;
/*!40101 SET character_set_client = @saved_cs_client */;

--
-- Dumping data for table `aspnetusertokens`
--

LOCK TABLES `aspnetusertokens` WRITE;
/*!40000 ALTER TABLE `aspnetusertokens` DISABLE KEYS */;
/*!40000 ALTER TABLE `aspnetusertokens` ENABLE KEYS */;
UNLOCK TABLES;

--
-- Table structure for table `categories`
--

DROP TABLE IF EXISTS `categories`;
/*!40101 SET @saved_cs_client     = @@character_set_client */;
/*!50503 SET character_set_client = utf8mb4 */;
CREATE TABLE `categories` (
  `Id` int NOT NULL AUTO_INCREMENT,
  `Name` longtext CHARACTER SET utf8mb4 COLLATE utf8mb4_0900_ai_ci NOT NULL,
  PRIMARY KEY (`Id`)
) ENGINE=InnoDB AUTO_INCREMENT=5 DEFAULT CHARSET=utf8mb4 COLLATE=utf8mb4_0900_ai_ci;
/*!40101 SET character_set_client = @saved_cs_client */;

--
-- Dumping data for table `categories`
--

LOCK TABLES `categories` WRITE;
/*!40000 ALTER TABLE `categories` DISABLE KEYS */;
INSERT INTO `categories` VALUES (1,'Table'),(2,'Chair'),(3,'Sofa'),(4,'Bed');
/*!40000 ALTER TABLE `categories` ENABLE KEYS */;
UNLOCK TABLES;

--
-- Table structure for table `productcategories`
--

DROP TABLE IF EXISTS `productcategories`;
/*!40101 SET @saved_cs_client     = @@character_set_client */;
/*!50503 SET character_set_client = utf8mb4 */;
CREATE TABLE `productcategories` (
  `CategoriesId` int NOT NULL,
  `ProductsId` int NOT NULL,
  PRIMARY KEY (`CategoriesId`,`ProductsId`),
  KEY `IX_ProductCategories_ProductsId` (`ProductsId`),
  CONSTRAINT `FK_ProductCategories_Categories_CategoriesId` FOREIGN KEY (`CategoriesId`) REFERENCES `categories` (`Id`) ON DELETE CASCADE,
  CONSTRAINT `FK_ProductCategories_Products_ProductsId` FOREIGN KEY (`ProductsId`) REFERENCES `products` (`Id`) ON DELETE CASCADE
) ENGINE=InnoDB DEFAULT CHARSET=utf8mb4 COLLATE=utf8mb4_0900_ai_ci;
/*!40101 SET character_set_client = @saved_cs_client */;

--
-- Dumping data for table `productcategories`
--

LOCK TABLES `productcategories` WRITE;
/*!40000 ALTER TABLE `productcategories` DISABLE KEYS */;
INSERT INTO `productcategories` VALUES (1,1),(1,2),(1,3),(2,4),(2,5),(2,6),(3,7),(3,8),(3,9),(1,10),(3,11),(2,12);
/*!40000 ALTER TABLE `productcategories` ENABLE KEYS */;
UNLOCK TABLES;

--
-- Table structure for table `products`
--

DROP TABLE IF EXISTS `products`;
/*!40101 SET @saved_cs_client     = @@character_set_client */;
/*!50503 SET character_set_client = utf8mb4 */;
CREATE TABLE `products` (
  `Id` int NOT NULL AUTO_INCREMENT,
  `Sku` longtext CHARACTER SET utf8mb4 COLLATE utf8mb4_0900_ai_ci NOT NULL,
  `Name` longtext CHARACTER SET utf8mb4 COLLATE utf8mb4_0900_ai_ci NOT NULL,
  PRIMARY KEY (`Id`)
) ENGINE=InnoDB AUTO_INCREMENT=14 DEFAULT CHARSET=utf8mb4 COLLATE=utf8mb4_0900_ai_ci;
/*!40101 SET character_set_client = @saved_cs_client */;

--
-- Dumping data for table `products`
--

LOCK TABLES `products` WRITE;
/*!40000 ALTER TABLE `products` DISABLE KEYS */;
INSERT INTO `products` VALUES (1,'SKUA','Lorem Table'),(2,'SKUB','Ipsum Table'),(3,'SKUC','Dolor Table'),(4,'SKUD','Sit Chair'),(5,'SKUE','Amet Chair'),(6,'SKUF','Consectetur Chair'),(7,'SKUG','Adipiscing Sofa'),(8,'SKUH','Elit Sofa'),(9,'SKUI','Mauris Sofa'),(10,'SKUT','Test Table'),(11,'SKUS','Test Sofa'),(12,'SKUIc','Test Chair');
/*!40000 ALTER TABLE `products` ENABLE KEYS */;
UNLOCK TABLES;

--
-- Table structure for table `users`
--

DROP TABLE IF EXISTS `users`;
/*!40101 SET @saved_cs_client     = @@character_set_client */;
/*!50503 SET character_set_client = utf8mb4 */;
CREATE TABLE `users` (
  `Id` int NOT NULL AUTO_INCREMENT,
  `FirstName` longtext CHARACTER SET utf8mb4 COLLATE utf8mb4_0900_ai_ci NOT NULL,
  `LastName` longtext CHARACTER SET utf8mb4 COLLATE utf8mb4_0900_ai_ci NOT NULL,
  `Email` longtext CHARACTER SET utf8mb4 COLLATE utf8mb4_0900_ai_ci NOT NULL,
  `PhoneNumber` longtext CHARACTER SET utf8mb4 COLLATE utf8mb4_0900_ai_ci NOT NULL,
  PRIMARY KEY (`Id`)
) ENGINE=InnoDB AUTO_INCREMENT=4 DEFAULT CHARSET=utf8mb4 COLLATE=utf8mb4_0900_ai_ci;
/*!40101 SET character_set_client = @saved_cs_client */;

--
-- Dumping data for table `users`
--

LOCK TABLES `users` WRITE;
/*!40000 ALTER TABLE `users` DISABLE KEYS */;
INSERT INTO `users` VALUES (1,'Renjitha','Puthenparampil Reji','renjithapreji1012@gmail.com','07777777777'),(2,'Test','User','test@gmail.com','09875423458');
/*!40000 ALTER TABLE `users` ENABLE KEYS */;
UNLOCK TABLES;
/*!40103 SET TIME_ZONE=@OLD_TIME_ZONE */;

/*!40101 SET SQL_MODE=@OLD_SQL_MODE */;
/*!40014 SET FOREIGN_KEY_CHECKS=@OLD_FOREIGN_KEY_CHECKS */;
/*!40014 SET UNIQUE_CHECKS=@OLD_UNIQUE_CHECKS */;
/*!40101 SET CHARACTER_SET_CLIENT=@OLD_CHARACTER_SET_CLIENT */;
/*!40101 SET CHARACTER_SET_RESULTS=@OLD_CHARACTER_SET_RESULTS */;
/*!40101 SET COLLATION_CONNECTION=@OLD_COLLATION_CONNECTION */;
/*!40111 SET SQL_NOTES=@OLD_SQL_NOTES */;

-- Dump completed on 2024-08-31 21:34:52
